year_month,revenue
2010-01,57329.42
2010-02,47159.020000000004
2010-03,46615.2
2010-05,30970.63
2010-06,54247.450000000004
2010-07,99340.81
2010-08,45116.5
2010-09,53309.19
2010-10,58849.3
2010-12,16989.04
2011-01,260667.53
2011-02,254792.19
2011-03,280351.81
2011-04,381764.39
2011-05,377131.56
2011-06,338642.95
2011-07,430185.32
2011-08,348013.21
2011-09,295043.73
2011-10,337357.89
2011-11,408509.66
2011-12,243084.2
